id,value,severity
src,,
src/main,,
src/main/java,,
src/main/java/net,,
src/main/java/net/n3,,
src/main/java/net/n3/nanoxml,,
src/main/java/net/n3/nanoxml/CDATAReader.java,9,4
src/main/java/net/n3/nanoxml/ContentReader.java,14,4
src/main/java/net/n3/nanoxml/IXMLBuilder.java,9,3
src/main/java/net/n3/nanoxml/IXMLElement.java,8,3
src/main/java/net/n3/nanoxml/IXMLEntityResolver.java,2,2
src/main/java/net/n3/nanoxml/IXMLParser.java,2,2
src/main/java/net/n3/nanoxml/IXMLReader.java,2,3
src/main/java/net/n3/nanoxml/IXMLValidator.java,9,3
src/main/java/net/n3/nanoxml/NonValidator.java,18,4
src/main/java/net/n3/nanoxml/package-info.java,1,2
src/main/java/net/n3/nanoxml/PIReader.java,6,4
src/main/java/net/n3/nanoxml/StdXMLBuilder.java,6,4
src/main/java/net/n3/nanoxml/StdXMLParser.java,33,4
src/main/java/net/n3/nanoxml/StdXMLReader.java,22,4
src/main/java/net/n3/nanoxml/ValidatorPlugin.java,4,4
src/main/java/net/n3/nanoxml/XMLElement.java,21,5
src/main/java/net/n3/nanoxml/XMLEntityResolver.java,5,4
src/main/java/net/n3/nanoxml/XMLException.java,12,4
src/main/java/net/n3/nanoxml/XMLParserFactory.java,8,3
src/main/java/net/n3/nanoxml/XMLUtil.java,17,3
src/main/java/net/n3/nanoxml/XMLValidationException.java,6,4
src/main/java/net/n3/nanoxml/XMLWriter.java,7,4
src/main/java/org,,
src/main/java/org/jhotdraw,,
src/main/java/org/jhotdraw/app,,
src/main/java/org/jhotdraw/app/AbstractApplication.java,28,4
src/main/java/org/jhotdraw/app/AbstractApplicationModel.java,8,3
src/main/java/org/jhotdraw/app/AbstractView.java,4,3
src/main/java/org/jhotdraw/app/action,,
src/main/java/org/jhotdraw/app/action/AbstractApplicationAction.java,3,3
src/main/java/org/jhotdraw/app/action/AbstractSaveUnsavedChangesAction.java,3,3
src/main/java/org/jhotdraw/app/action/AbstractViewAction.java,8,3
src/main/java/org/jhotdraw/app/action/ActionUtil.java,7,3
src/main/java/org/jhotdraw/app/action/app,,
src/main/java/org/jhotdraw/app/action/app/AboutAction.java,1,2
src/main/java/org/jhotdraw/app/action/app/AbstractPreferencesAction.java,1,2
src/main/java/org/jhotdraw/app/action/app/ExitAction.java,21,3
src/main/java/org/jhotdraw/app/action/app/OpenApplicationAction.java,2,3
src/main/java/org/jhotdraw/app/action/app/OpenApplicationFileAction.java,8,4
src/main/java/org/jhotdraw/app/action/app/PrintApplicationFileAction.java,6,3
src/main/java/org/jhotdraw/app/action/app/ReOpenApplicationAction.java,2,3
src/main/java/org/jhotdraw/app/action/edit,,
src/main/java/org/jhotdraw/app/action/edit/AbstractFindAction.java,1,2
src/main/java/org/jhotdraw/app/action/edit/AbstractSelectionAction.java,2,3
src/main/java/org/jhotdraw/app/action/edit/ClearSelectionAction.java,3,3
src/main/java/org/jhotdraw/app/action/edit/CopyAction.java,1,2
src/main/java/org/jhotdraw/app/action/edit/CutAction.java,1,2
src/main/java/org/jhotdraw/app/action/edit/DeleteAction.java,5,3
src/main/java/org/jhotdraw/app/action/edit/DuplicateAction.java,2,3
src/main/java/org/jhotdraw/app/action/edit/PasteAction.java,1,2
src/main/java/org/jhotdraw/app/action/edit/RedoAction.java,2,3
src/main/java/org/jhotdraw/app/action/edit/SelectAllAction.java,2,3
src/main/java/org/jhotdraw/app/action/edit/UndoAction.java,2,3
src/main/java/org/jhotdraw/app/action/file,,
src/main/java/org/jhotdraw/app/action/file/ClearFileAction.java,1,2
src/main/java/org/jhotdraw/app/action/file/ClearRecentFilesMenuAction.java,2,3
src/main/java/org/jhotdraw/app/action/file/CloseFileAction.java,1,2
src/main/java/org/jhotdraw/app/action/file/ExportFileAction.java,6,4
src/main/java/org/jhotdraw/app/action/file/LoadDirectoryAction.java,1,2
src/main/java/org/jhotdraw/app/action/file/LoadFileAction.java,2,3
src/main/java/org/jhotdraw/app/action/file/LoadRecentFileAction.java,9,4
src/main/java/org/jhotdraw/app/action/file/NewFileAction.java,1,2
src/main/java/org/jhotdraw/app/action/file/NewWindowAction.java,1,2
src/main/java/org/jhotdraw/app/action/file/OpenDirectoryAction.java,2,2
src/main/java/org/jhotdraw/app/action/file/OpenFileAction.java,13,4
src/main/java/org/jhotdraw/app/action/file/OpenRecentFileAction.java,6,4
src/main/java/org/jhotdraw/app/action/file/PrintFileAction.java,18,5
src/main/java/org/jhotdraw/app/action/file/SaveFileAction.java,7,4
src/main/java/org/jhotdraw/app/action/file/SaveFileAsAction.java,1,2
src/main/java/org/jhotdraw/app/action/view,,
src/main/java/org/jhotdraw/app/action/view/ToggleViewPropertyAction.java,8,5
src/main/java/org/jhotdraw/app/action/view/ViewPropertyAction.java,2,5
src/main/java/org/jhotdraw/app/action/window,,
src/main/java/org/jhotdraw/app/action/window/ArrangeWindowsAction.java,9,3
src/main/java/org/jhotdraw/app/action/window/FocusWindowAction.java,6,3
src/main/java/org/jhotdraw/app/action/window/MaximizeWindowAction.java,1,2
src/main/java/org/jhotdraw/app/action/window/MinimizeWindowAction.java,1,2
src/main/java/org/jhotdraw/app/action/window/TogglePaletteAction.java,5,3
src/main/java/org/jhotdraw/app/action/window/ToggleToolBarAction.java,3,3
src/main/java/org/jhotdraw/app/AppletApplication.java,1,3
src/main/java/org/jhotdraw/app/Application.java,3,2
src/main/java/org/jhotdraw/app/DefaultApplicationModel.java,1,3
src/main/java/org/jhotdraw/app/DefaultMenuBuilder.java,6,3
src/main/java/org/jhotdraw/app/Disposable.java,1,2
src/main/java/org/jhotdraw/app/EmptyMenuBuilder.java,22,3
src/main/java/org/jhotdraw/app/MDIApplication.java,27,4
src/main/java/org/jhotdraw/app/osx,,
src/main/java/org/jhotdraw/app/osx/OSXAdapter.java,26,4
src/main/java/org/jhotdraw/app/osx/OSXPaletteHandler.java,5,3
src/main/java/org/jhotdraw/app/OSXApplication.java,28,4
src/main/java/org/jhotdraw/app/SDIApplication.java,19,4
src/main/java/org/jhotdraw/app/View.java,8,2
src/main/java/org/jhotdraw/beans,,
src/main/java/org/jhotdraw/beans/AbstractBean.java,4,3
src/main/java/org/jhotdraw/beans/PropertyChangeEdit.java,4,3
src/main/java/org/jhotdraw/color,,
src/main/java/org/jhotdraw/color/AbstractColorSlidersModel.java,1,3
src/main/java/org/jhotdraw/color/AbstractColorWheelImageProducer.java,1,4
src/main/java/org/jhotdraw/color/AbstractHarmonicRule.java,2,3
src/main/java/org/jhotdraw/color/CIELABColorSpace.java,38,3
src/main/java/org/jhotdraw/color/CIELCHabColorSpace.java,39,3
src/main/java/org/jhotdraw/color/CIEXYChromaticityDiagramImageProducer.java,31,4
src/main/java/org/jhotdraw/color/CMYKGenericColorSpace.java,1,2
src/main/java/org/jhotdraw/color/CMYKNominalColorSpace.java,3,3
src/main/java/org/jhotdraw/color/ColorListCellRenderer.java,1,3
src/main/java/org/jhotdraw/color/ColorSliderUI.java,54,3
src/main/java/org/jhotdraw/color/ColorSquareImageProducer.java,7,3
src/main/java/org/jhotdraw/color/ColorTrackImageProducer.java,2,3
src/main/java/org/jhotdraw/color/ColorUtil.java,9,4
src/main/java/org/jhotdraw/color/ColorWheelChooser.java,5,3
src/main/java/org/jhotdraw/color/ComplexColorWheelImageProducer.java,12,3
src/main/java/org/jhotdraw/color/CompositeColor.java,12,3
src/main/java/org/jhotdraw/color/DefaultColorSliderModel.java,5,3
src/main/java/org/jhotdraw/color/DefaultHarmonicColorModel.java,6,3
src/main/java/org/jhotdraw/color/HarmonicColorModel.java,3,3
src/main/java/org/jhotdraw/color/HSBColorSpace.java,3,3
src/main/java/org/jhotdraw/color/HSLColorSpace.java,12,4
src/main/java/org/jhotdraw/color/HSLHarmonicColorWheelImageProducer.java,7,3
src/main/java/org/jhotdraw/color/HSLPhysiologicColorSpace.java,13,4
src/main/java/org/jhotdraw/color/HSVColorSpace.java,10,4
src/main/java/org/jhotdraw/color/HSVHarmonicColorWheelImageProducer.java,12,4
src/main/java/org/jhotdraw/color/HSVPhysiologicColorSpace.java,11,4
src/main/java/org/jhotdraw/color/JColorWheel.java,9,3
src/main/java/org/jhotdraw/color/JHarmonicColorWheel.java,22,3
src/main/java/org/jhotdraw/color/NamedColorSpace.java,1,2
src/main/java/org/jhotdraw/color/PolarColorWheelImageProducer.java,7,3
src/main/java/org/jhotdraw/color/QuantizingColorWheelImageProducer.java,7,3
src/main/java/org/jhotdraw/draw,,
src/main/java/org/jhotdraw/draw/AbstractAttributedCompositeFigure.java,7,3
src/main/java/org/jhotdraw/draw/AbstractAttributedDecoratedFigure.java,1,2
src/main/java/org/jhotdraw/draw/AbstractAttributedFigure.java,6,3
src/main/java/org/jhotdraw/draw/AbstractCompositeFigure.java,19,4
src/main/java/org/jhotdraw/draw/AbstractConstrainer.java,1,3
src/main/java/org/jhotdraw/draw/AbstractDrawing.java,9,3
src/main/java/org/jhotdraw/draw/AbstractFigure.java,14,3
src/main/java/org/jhotdraw/draw/action,,
src/main/java/org/jhotdraw/draw/action/AbstractDrawingEditorAction.java,5,3
src/main/java/org/jhotdraw/draw/action/AbstractDrawingViewAction.java,7,3
src/main/java/org/jhotdraw/draw/action/AbstractSelectedAction.java,6,3
src/main/java/org/jhotdraw/draw/action/AttributeAction.java,6,3
src/main/java/org/jhotdraw/draw/action/AttributeToggler.java,12,3
src/main/java/org/jhotdraw/draw/action/BringToFrontAction.java,3,3
src/main/java/org/jhotdraw/draw/action/ButtonFactory.java,92,4
src/main/java/org/jhotdraw/draw/action/ColorIcon.java,5,3
src/main/java/org/jhotdraw/draw/action/DefaultAttributeAction.java,1,3
src/main/java/org/jhotdraw/draw/action/DrawingAttributeAction.java,4,3
src/main/java/org/jhotdraw/draw/action/DrawingColorChooserAction.java,4,3
src/main/java/org/jhotdraw/draw/action/DrawingColorChooserHandler.java,7,3
src/main/java/org/jhotdraw/draw/action/DrawingColorIcon.java,3,3
src/main/java/org/jhotdraw/draw/action/EditCanvasAction.java,2,3
src/main/java/org/jhotdraw/draw/action/EditCanvasPanel.java,17,4
src/main/java/org/jhotdraw/draw/action/EditGridAction.java,2,3
src/main/java/org/jhotdraw/draw/action/EditGridPanel.java,18,3
src/main/java/org/jhotdraw/draw/action/EditorColorChooserAction.java,4,3
src/main/java/org/jhotdraw/draw/action/EditorColorIcon.java,3,3
src/main/java/org/jhotdraw/draw/action/FontChooserHandler.java,10,3
src/main/java/org/jhotdraw/draw/action/GroupAction.java,9,3
src/main/java/org/jhotdraw/draw/action/ImageBevelBorder.java,11,3
src/main/java/org/jhotdraw/draw/action/IncreaseHandleDetailLevelAction.java,2,3
src/main/java/org/jhotdraw/draw/action/MoveAction.java,7,3
src/main/java/org/jhotdraw/draw/action/MoveConstrainedAction.java,10,3
src/main/java/org/jhotdraw/draw/action/PickAttributesAction.java,1,3
src/main/java/org/jhotdraw/draw/action/SelectionColorChooserHandler.java,9,3
src/main/java/org/jhotdraw/draw/action/SelectionColorIcon.java,3,3
src/main/java/org/jhotdraw/draw/action/SelectSameAction.java,2,3
src/main/java/org/jhotdraw/draw/action/SendToBackAction.java,3,3
src/main/java/org/jhotdraw/draw/action/StrokeIcon.java,1,3
src/main/java/org/jhotdraw/draw/action/ToggleGridAction.java,1,2
src/main/java/org/jhotdraw/draw/action/UngroupAction.java,2,3
src/main/java/org/jhotdraw/draw/action/ZoomEditorAction.java,1,2
src/main/java/org/jhotdraw/draw/AttributeKey.java,6,3
src/main/java/org/jhotdraw/draw/AttributeKeys.java,61,4
src/main/java/org/jhotdraw/draw/BezierFigure.java,18,4
src/main/java/org/jhotdraw/draw/CompositeFigure.java,3,2
src/main/java/org/jhotdraw/draw/ConnectionFigure.java,1,2
src/main/java/org/jhotdraw/draw/connector,,
src/main/java/org/jhotdraw/draw/connector/AbstractConnector.java,9,3
src/main/java/org/jhotdraw/draw/connector/ChopDiamondConnector.java,9,3
src/main/java/org/jhotdraw/draw/connector/ChopEllipseConnector.java,2,3
src/main/java/org/jhotdraw/draw/connector/ChopRectangleConnector.java,2,3
src/main/java/org/jhotdraw/draw/connector/ChopRoundRectangleConnector.java,4,4
src/main/java/org/jhotdraw/draw/connector/LocatorConnector.java,1,3
src/main/java/org/jhotdraw/draw/connector/StickyRectangleConnector.java,1,2
src/main/java/org/jhotdraw/draw/decoration,,
src/main/java/org/jhotdraw/draw/decoration/AbstractLineDecoration.java,2,3
src/main/java/org/jhotdraw/draw/decoration/ArrowTip.java,5,4
src/main/java/org/jhotdraw/draw/decoration/CompositeLineDecoration.java,2,2
src/main/java/org/jhotdraw/draw/DefaultDrawing.java,9,3
src/main/java/org/jhotdraw/draw/DefaultDrawingEditor.java,7,3
src/main/java/org/jhotdraw/draw/DefaultDrawingView.java,64,5
src/main/java/org/jhotdraw/draw/DefaultDrawingViewBeanInfo.java,24,3
src/main/java/org/jhotdraw/draw/DefaultDrawingViewTransferHandler.java,85,5
src/main/java/org/jhotdraw/draw/DiamondFigure.java,21,4
src/main/java/org/jhotdraw/draw/DrawingEditor.java,6,2
src/main/java/org/jhotdraw/draw/DrawingView.java,11,2
src/main/java/org/jhotdraw/draw/event,,
src/main/java/org/jhotdraw/draw/event/AbstractAttributeEditorHandler.java,16,3
src/main/java/org/jhotdraw/draw/event/AttributeChangeEdit.java,5,3
src/main/java/org/jhotdraw/draw/event/BezierNodeEdit.java,4,3
src/main/java/org/jhotdraw/draw/event/CompositeFigureEvent.java,2,3
src/main/java/org/jhotdraw/draw/event/DrawingAttributeEditorHandler.java,1,3
src/main/java/org/jhotdraw/draw/event/DrawingComponentRepainter.java,1,3
src/main/java/org/jhotdraw/draw/event/FigureAdapter.java,8,3
src/main/java/org/jhotdraw/draw/event/FigureEvent.java,3,3
src/main/java/org/jhotdraw/draw/event/FigureSelectionEvent.java,2,3
src/main/java/org/jhotdraw/draw/event/FigureSelectionListener.java,1,2
src/main/java/org/jhotdraw/draw/event/HandleMulticaster.java,5,3
src/main/java/org/jhotdraw/draw/event/SelectionComponentDisplayer.java,1,3
src/main/java/org/jhotdraw/draw/event/SelectionComponentRepainter.java,1,3
src/main/java/org/jhotdraw/draw/event/SetBoundsEdit.java,1,3
src/main/java/org/jhotdraw/draw/event/ToolAdapter.java,5,3
src/main/java/org/jhotdraw/draw/event/ToolEvent.java,1,3
src/main/java/org/jhotdraw/draw/event/TransformEdit.java,3,4
src/main/java/org/jhotdraw/draw/event/TransformRestoreEdit.java,3,3
src/main/java/org/jhotdraw/draw/Figure.java,5,2
src/main/java/org/jhotdraw/draw/FigureLayerComparator.java,1,2
src/main/java/org/jhotdraw/draw/GraphicalCompositeFigure.java,14,3
src/main/java/org/jhotdraw/draw/GridConstrainer.java,26,4
src/main/java/org/jhotdraw/draw/GroupFigure.java,1,3
src/main/java/org/jhotdraw/draw/gui,,
src/main/java/org/jhotdraw/draw/gui/JAttributeSlider.java,1,3
src/main/java/org/jhotdraw/draw/gui/JAttributeSliderBeanInfo.java,24,3
src/main/java/org/jhotdraw/draw/gui/JAttributeTextArea.java,2,3
src/main/java/org/jhotdraw/draw/gui/JAttributeTextAreaBeanInfo.java,23,3
src/main/java/org/jhotdraw/draw/gui/JAttributeTextField.java,2,3
src/main/java/org/jhotdraw/draw/gui/JAttributeTextFieldBeanInfo.java,23,3
src/main/java/org/jhotdraw/draw/handle,,
src/main/java/org/jhotdraw/draw/handle/AbstractConnectionHandle.java,8,3
src/main/java/org/jhotdraw/draw/handle/AbstractHandle.java,8,3
src/main/java/org/jhotdraw/draw/handle/AbstractRotateHandle.java,3,3
src/main/java/org/jhotdraw/draw/handle/BezierControlPointHandle.java,12,4
src/main/java/org/jhotdraw/draw/handle/BezierNodeHandle.java,23,4
src/main/java/org/jhotdraw/draw/handle/BezierOutlineHandle.java,4,3
src/main/java/org/jhotdraw/draw/handle/BezierScaleHandle.java,4,4
src/main/java/org/jhotdraw/draw/handle/BoundsOutlineHandle.java,5,3
src/main/java/org/jhotdraw/draw/handle/CloseHandle.java,2,3
src/main/java/org/jhotdraw/draw/handle/ConnectorHandle.java,2,3
src/main/java/org/jhotdraw/draw/handle/DragHandle.java,4,3
src/main/java/org/jhotdraw/draw/handle/FontSizeHandle.java,11,4
src/main/java/org/jhotdraw/draw/handle/HandleAttributeKeys.java,109,3
src/main/java/org/jhotdraw/draw/handle/MoveHandle.java,11,3
src/main/java/org/jhotdraw/draw/handle/NullHandle.java,4,3
src/main/java/org/jhotdraw/draw/handle/OrientationHandle.java,2,3
src/main/java/org/jhotdraw/draw/handle/ResizeHandleKit.java,49,4
src/main/java/org/jhotdraw/draw/handle/RotateHandle.java,2,2
src/main/java/org/jhotdraw/draw/handle/RoundRectangleRadiusHandle.java,5,3
src/main/java/org/jhotdraw/draw/handle/TextOverflowHandle.java,4,3
src/main/java/org/jhotdraw/draw/handle/TransformHandleKit.java,52,4
src/main/java/org/jhotdraw/draw/ImageFigure.java,10,5
src/main/java/org/jhotdraw/draw/io,,
src/main/java/org/jhotdraw/draw/io/DOMStorableInputOutputFormat.java,4,3
src/main/java/org/jhotdraw/draw/io/ImageInputFormat.java,4,3
src/main/java/org/jhotdraw/draw/io/ImageOutputFormat.java,1,3
src/main/java/org/jhotdraw/draw/io/InputFormat.java,1,3
src/main/java/org/jhotdraw/draw/io/SerializationInputOutputFormat.java,8,5
src/main/java/org/jhotdraw/draw/io/TextInputFormat.java,6,3
src/main/java/org/jhotdraw/draw/LabeledLineConnectionFigure.java,10,3
src/main/java/org/jhotdraw/draw/LabelFigure.java,7,3
src/main/java/org/jhotdraw/draw/layouter,,
src/main/java/org/jhotdraw/draw/layouter/HorizontalLayouter.java,4,3
src/main/java/org/jhotdraw/draw/layouter/LocatorLayouter.java,1,2
src/main/java/org/jhotdraw/draw/layouter/VerticalLayouter.java,5,3
src/main/java/org/jhotdraw/draw/LineConnectionFigure.java,24,3
src/main/java/org/jhotdraw/draw/LineFigure.java,5,3
src/main/java/org/jhotdraw/draw/liner,,
src/main/java/org/jhotdraw/draw/liner/CurvedLiner.java,6,4
src/main/java/org/jhotdraw/draw/liner/ElbowLiner.java,9,4
src/main/java/org/jhotdraw/draw/liner/SlantedLiner.java,6,3
src/main/java/org/jhotdraw/draw/locator,,
src/main/java/org/jhotdraw/draw/locator/BezierLabelLocator.java,6,4
src/main/java/org/jhotdraw/draw/locator/Locator.java,1,2
src/main/java/org/jhotdraw/draw/locator/RelativeDecoratorLocator.java,9,2
src/main/java/org/jhotdraw/draw/locator/RelativeLocator.java,20,4
src/main/java/org/jhotdraw/draw/QuadTreeCompositeFigure.java,22,3
src/main/java/org/jhotdraw/draw/QuadTreeDrawing.java,20,3
src/main/java/org/jhotdraw/draw/RectangleFigure.java,2,3
src/main/java/org/jhotdraw/draw/RoundRectangleFigure.java,7,3
src/main/java/org/jhotdraw/draw/text,,
src/main/java/org/jhotdraw/draw/text/FloatingTextArea.java,3,3
src/main/java/org/jhotdraw/draw/TextAreaFigure.java,22,3
src/main/java/org/jhotdraw/draw/TextFigure.java,13,3
src/main/java/org/jhotdraw/draw/TextHolderFigure.java,1,3
src/main/java/org/jhotdraw/draw/tool,,
src/main/java/org/jhotdraw/draw/tool/AbstractTool.java,4,3
src/main/java/org/jhotdraw/draw/tool/BezierTool.java,13,3
src/main/java/org/jhotdraw/draw/tool/ConnectionTool.java,8,3
src/main/java/org/jhotdraw/draw/tool/CreationTool.java,9,4
src/main/java/org/jhotdraw/draw/tool/DefaultDragTracker.java,5,3
src/main/java/org/jhotdraw/draw/tool/DefaultHandleTracker.java,9,3
src/main/java/org/jhotdraw/draw/tool/DefaultSelectAreaTracker.java,6,3
src/main/java/org/jhotdraw/draw/tool/DelegationSelectionTool.java,23,3
src/main/java/org/jhotdraw/draw/tool/DnDTracker.java,2,3
src/main/java/org/jhotdraw/draw/tool/ImageTool.java,7,3
src/main/java/org/jhotdraw/draw/tool/SelectAreaTracker.java,1,2
src/main/java/org/jhotdraw/draw/tool/SelectionTool.java,8,3
src/main/java/org/jhotdraw/draw/tool/TextAreaCreationTool.java,8,3
src/main/java/org/jhotdraw/draw/tool/TextAreaEditingTool.java,8,3
src/main/java/org/jhotdraw/draw/tool/TextCreationTool.java,7,3
src/main/java/org/jhotdraw/draw/tool/TextEditingTool.java,5,3
src/main/java/org/jhotdraw/draw/TranslationDirection.java,7,4
src/main/java/org/jhotdraw/draw/TriangleFigure.java,11,4
src/main/java/org/jhotdraw/geom,,
src/main/java/org/jhotdraw/geom/Bezier.java,64,4
src/main/java/org/jhotdraw/geom/BezierPath.java,70,4
src/main/java/org/jhotdraw/geom/BezierPathIterator.java,11,3
src/main/java/org/jhotdraw/geom/ConvexHull.java,6,4
src/main/java/org/jhotdraw/geom/Dimension2DDouble.java,4,4
src/main/java/org/jhotdraw/geom/DoubleStroke.java,22,4
src/main/java/org/jhotdraw/geom/Geom.java,55,4
src/main/java/org/jhotdraw/geom/GrowStroke.java,9,4
src/main/java/org/jhotdraw/geom/Insets2D.java,16,4
src/main/java/org/jhotdraw/geom/Polygon2D.java,44,4
src/main/java/org/jhotdraw/geom/QuadTree.java,10,3
src/main/java/org/jhotdraw/geom/Shapes.java,3,3
src/main/java/org/jhotdraw/gui,,
src/main/java/org/jhotdraw/gui/Arrangeable.java,1,3
src/main/java/org/jhotdraw/gui/AttributeEditor.java,3,2
src/main/java/org/jhotdraw/gui/datatransfer,,
src/main/java/org/jhotdraw/gui/datatransfer/ClipboardUtil.java,4,3
src/main/java/org/jhotdraw/gui/datatransfer/CompositeTransferable.java,5,3
src/main/java/org/jhotdraw/gui/datatransfer/ImageTransferable.java,2,3
src/main/java/org/jhotdraw/gui/datatransfer/OSXClipboard.java,2,5
src/main/java/org/jhotdraw/gui/DisclosureIcon.java,2,2
src/main/java/org/jhotdraw/gui/EditableComponent.java,3,3
src/main/java/org/jhotdraw/gui/EmptyIcon.java,1,3
src/main/java/org/jhotdraw/gui/event,,
src/main/java/org/jhotdraw/gui/event/GenericListener.java,22,3
src/main/java/org/jhotdraw/gui/event/SheetEvent.java,3,3
src/main/java/org/jhotdraw/gui/filechooser,,
src/main/java/org/jhotdraw/gui/filechooser/ExtensionFileFilter.java,1,3
src/main/java/org/jhotdraw/gui/fontchooser,,
src/main/java/org/jhotdraw/gui/fontchooser/AbstractFontChooserModel.java,1,2
src/main/java/org/jhotdraw/gui/fontchooser/DefaultFontChooserModel.java,13,3
src/main/java/org/jhotdraw/gui/fontchooser/FontCollectionNode.java,5,4
src/main/java/org/jhotdraw/gui/fontchooser/FontFaceNode.java,32,4
src/main/java/org/jhotdraw/gui/fontchooser/FontFamilyNode.java,3,3
src/main/java/org/jhotdraw/gui/JComponentPopup.java,8,3
src/main/java/org/jhotdraw/gui/JDisclosureToolBar.java,2,2
src/main/java/org/jhotdraw/gui/JDisclosureToolBarBeanInfo.java,23,3
src/main/java/org/jhotdraw/gui/JFontChooser.java,24,4
src/main/java/org/jhotdraw/gui/JLifeFormattedTexAreaBeanInfo.java,23,3
src/main/java/org/jhotdraw/gui/JLifeFormattedTextArea.java,3,3
src/main/java/org/jhotdraw/gui/JLifeFormattedTextField.java,7,3
src/main/java/org/jhotdraw/gui/JLifeFormattedTextFieldBeanInfo.java,23,3
src/main/java/org/jhotdraw/gui/JMDIDesktopPane.java,17,4
src/main/java/org/jhotdraw/gui/JPopupButton.java,14,3
src/main/java/org/jhotdraw/gui/JPopupButtonBeanInfo.java,24,3
src/main/java/org/jhotdraw/gui/JSheet.java,30,3
src/main/java/org/jhotdraw/gui/PlacardScrollPaneLayout.java,1,3
src/main/java/org/jhotdraw/gui/plaf,,
src/main/java/org/jhotdraw/gui/plaf/palette,,
src/main/java/org/jhotdraw/gui/plaf/palette/colorchooser,,
src/main/java/org/jhotdraw/gui/plaf/palette/colorchooser/ColorIcon.java,5,3
src/main/java/org/jhotdraw/gui/plaf/palette/colorchooser/PaletteCMYKChooser.java,38,4
src/main/java/org/jhotdraw/gui/plaf/palette/colorchooser/PaletteColorChooserMainPanel.java,5,3
src/main/java/org/jhotdraw/gui/plaf/palette/colorchooser/PaletteColorChooserPreviewPanel.java,7,3
src/main/java/org/jhotdraw/gui/plaf/palette/colorchooser/PaletteColorSliderModel.java,1,2
src/main/java/org/jhotdraw/gui/plaf/palette/colorchooser/PaletteColorSlidersChooser.java,3,3
src/main/java/org/jhotdraw/gui/plaf/palette/colorchooser/PaletteColorWheelChooser.java,4,3
src/main/java/org/jhotdraw/gui/plaf/palette/colorchooser/PaletteHSBChooser.java,27,4
src/main/java/org/jhotdraw/gui/plaf/palette/colorchooser/PaletteRGBChooser.java,20,4
src/main/java/org/jhotdraw/gui/plaf/palette/colorchooser/PaletteSwatchesChooser.java,11,3
src/main/java/org/jhotdraw/gui/plaf/palette/PaletteBorders.java,2,3
src/main/java/org/jhotdraw/gui/plaf/palette/PaletteButtonBorder.java,10,3
src/main/java/org/jhotdraw/gui/plaf/palette/PaletteButtonUI.java,3,3
src/main/java/org/jhotdraw/gui/plaf/palette/PaletteColorChooserUI.java,24,5
src/main/java/org/jhotdraw/gui/plaf/palette/PaletteFontChooserPreviewPanel.java,4,3
src/main/java/org/jhotdraw/gui/plaf/palette/PaletteFontChooserSelectionPanel.java,15,3
src/main/java/org/jhotdraw/gui/plaf/palette/PaletteFontChooserUI.java,20,3
src/main/java/org/jhotdraw/gui/plaf/palette/PaletteFormattedTextFieldUI.java,3,3
src/main/java/org/jhotdraw/gui/plaf/palette/PaletteLabelUI.java,16,3
src/main/java/org/jhotdraw/gui/plaf/palette/PaletteLazyActionMap.java,3,3
src/main/java/org/jhotdraw/gui/plaf/palette/PaletteListCellRenderer.java,5,3
src/main/java/org/jhotdraw/gui/plaf/palette/PaletteListUI.java,1,3
src/main/java/org/jhotdraw/gui/plaf/palette/PaletteLookAndFeel.java,3,3
src/main/java/org/jhotdraw/gui/plaf/palette/PaletteMenuItemUI.java,5,3
src/main/java/org/jhotdraw/gui/plaf/palette/PalettePanelUI.java,5,3
src/main/java/org/jhotdraw/gui/plaf/palette/PaletteRootPaneUI.java,14,3
src/main/java/org/jhotdraw/gui/plaf/palette/PaletteSliderThumbIcon.java,8,3
src/main/java/org/jhotdraw/gui/plaf/palette/PaletteSliderUI.java,19,3
src/main/java/org/jhotdraw/gui/plaf/palette/PaletteTabbedPaneUI.java,34,3
src/main/java/org/jhotdraw/gui/plaf/palette/PaletteTextComponentBorder.java,6,3
src/main/java/org/jhotdraw/gui/plaf/palette/PaletteTextFieldUI.java,3,3
src/main/java/org/jhotdraw/gui/plaf/palette/PaletteToolBarBorder.java,24,3
src/main/java/org/jhotdraw/gui/plaf/palette/PaletteToolBarUI.java,64,3
src/main/java/org/jhotdraw/gui/plaf/palette/PaletteUtilities.java,7,3
src/main/java/org/jhotdraw/gui/ToolBarLayout.java,8,3
src/main/java/org/jhotdraw/gui/URIChooser.java,2,2
src/main/java/org/jhotdraw/gui/VerticalGridLayout.java,10,3
src/main/java/org/jhotdraw/gui/Worker.java,3,5
src/main/java/org/jhotdraw/io,,
src/main/java/org/jhotdraw/io/Base64.java,111,4
src/main/java/org/jhotdraw/io/BoundedRangeInputStream.java,24,3
src/main/java/org/jhotdraw/io/StreamPosTokenizer.java,67,3
src/main/java/org/jhotdraw/net,,
src/main/java/org/jhotdraw/net/ClientHttpRequest.java,10,3
src/main/java/org/jhotdraw/net/URIUtil.java,4,3
src/main/java/org/jhotdraw/samples,,
src/main/java/org/jhotdraw/samples/color,,
src/main/java/org/jhotdraw/samples/color/CIEXYChromaticityDiagram.java,2,3
src/main/java/org/jhotdraw/samples/color/JMixer.java,72,3
src/main/java/org/jhotdraw/samples/color/WheelsAndSlidersMain.java,12,4
src/main/java/org/jhotdraw/samples/draw,,
src/main/java/org/jhotdraw/samples/draw/DrawApplet.java,25,5
src/main/java/org/jhotdraw/samples/draw/DrawApplicationModel.java,5,3
src/main/java/org/jhotdraw/samples/draw/DrawFigureFactory.java,4,3
src/main/java/org/jhotdraw/samples/draw/DrawingPanel.java,29,3
src/main/java/org/jhotdraw/samples/draw/DrawingPanelBeanInfo.java,24,3
src/main/java/org/jhotdraw/samples/draw/DrawLiveConnectApplet.java,31,5
src/main/java/org/jhotdraw/samples/draw/DrawView.java,8,4
src/main/java/org/jhotdraw/samples/draw/Main.java,3,3
src/main/java/org/jhotdraw/samples/font,,
src/main/java/org/jhotdraw/samples/font/FontChooserMain.java,3,5
src/main/java/org/jhotdraw/samples/mini,,
src/main/java/org/jhotdraw/samples/mini/AnimationSample.java,1,2
src/main/java/org/jhotdraw/samples/mini/BezierDemo.java,32,3
src/main/java/org/jhotdraw/samples/mini/BorderRectangleFigure.java,4,3
src/main/java/org/jhotdraw/samples/mini/ConnectingFiguresSample.java,3,3
src/main/java/org/jhotdraw/samples/mini/CreationToolSample.java,3,3
src/main/java/org/jhotdraw/samples/mini/DefaultDOMStorableSample.java,4,3
src/main/java/org/jhotdraw/samples/mini/DnDMultiEditorSample.java,7,3
src/main/java/org/jhotdraw/samples/mini/EditorSample.java,3,3
src/main/java/org/jhotdraw/samples/mini/FileIconsSample.java,4,4
src/main/java/org/jhotdraw/samples/mini/LabeledLineConnectionFigureSample.java,3,3
src/main/java/org/jhotdraw/samples/mini/LayouterSample.java,3,3
src/main/java/org/jhotdraw/samples/mini/MovableChildFiguresSample.java,4,3
src/main/java/org/jhotdraw/samples/mini/MultiEditorSample.java,7,3
src/main/java/org/jhotdraw/samples/mini/SelectionToolSample.java,5,4
src/main/java/org/jhotdraw/samples/mini/SmartConnectionFigureSample.java,3,3
src/main/java/org/jhotdraw/samples/mini/StraightLineFigure.java,1,3
src/main/java/org/jhotdraw/samples/mini/SVGDrawingPanelSample.java,20,4
src/main/java/org/jhotdraw/samples/net,,
src/main/java/org/jhotdraw/samples/net/figures,,
src/main/java/org/jhotdraw/samples/net/figures/NodeFigure.java,8,3
src/main/java/org/jhotdraw/samples/net/Main.java,3,3
src/main/java/org/jhotdraw/samples/net/NetApplet.java,26,5
src/main/java/org/jhotdraw/samples/net/NetApplicationModel.java,10,3
src/main/java/org/jhotdraw/samples/net/NetFactory.java,4,3
src/main/java/org/jhotdraw/samples/net/NetPanel.java,27,3
src/main/java/org/jhotdraw/samples/net/NetView.java,8,4
src/main/java/org/jhotdraw/samples/odg,,
src/main/java/org/jhotdraw/samples/odg/action,,
src/main/java/org/jhotdraw/samples/odg/action/CombineAction.java,4,3
src/main/java/org/jhotdraw/samples/odg/action/SplitAction.java,4,3
src/main/java/org/jhotdraw/samples/odg/figures,,
src/main/java/org/jhotdraw/samples/odg/figures/ODGAttributedFigure.java,4,4
src/main/java/org/jhotdraw/samples/odg/figures/ODGBezierFigure.java,2,3
src/main/java/org/jhotdraw/samples/odg/figures/ODGEllipseFigure.java,4,3
src/main/java/org/jhotdraw/samples/odg/figures/ODGGroupFigure.java,8,4
src/main/java/org/jhotdraw/samples/odg/figures/ODGPathFigure.java,24,4
src/main/java/org/jhotdraw/samples/odg/figures/ODGPathOutlineHandle.java,7,3
src/main/java/org/jhotdraw/samples/odg/figures/ODGRectFigure.java,6,4
src/main/java/org/jhotdraw/samples/odg/figures/ODGRectRadiusHandle.java,5,4
src/main/java/org/jhotdraw/samples/odg/geom,,
src/main/java/org/jhotdraw/samples/odg/geom/EnhancedPath.java,8,3
src/main/java/org/jhotdraw/samples/odg/io,,
src/main/java/org/jhotdraw/samples/odg/io/DefaultODGFigureFactory.java,1,3
src/main/java/org/jhotdraw/samples/odg/io/ODGInputFormat.java,150,3
src/main/java/org/jhotdraw/samples/odg/io/ODGStylesReader.java,97,3
src/main/java/org/jhotdraw/samples/odg/Main.java,2,3
src/main/java/org/jhotdraw/samples/odg/ODGApplicationModel.java,18,3
src/main/java/org/jhotdraw/samples/odg/ODGAttributeKeys.java,24,4
src/main/java/org/jhotdraw/samples/odg/ODGConstants.java,9,3
src/main/java/org/jhotdraw/samples/odg/ODGDrawingPanel.java,28,3
src/main/java/org/jhotdraw/samples/odg/ODGDrawingPanelBeanInfo.java,24,3
src/main/java/org/jhotdraw/samples/odg/ODGPropertiesPanel.java,14,3
src/main/java/org/jhotdraw/samples/odg/ODGPropertiesPanelBeanInfo.java,24,3
src/main/java/org/jhotdraw/samples/odg/ODGView.java,15,4
src/main/java/org/jhotdraw/samples/odg/PathTool.java,4,3
src/main/java/org/jhotdraw/samples/pert,,
src/main/java/org/jhotdraw/samples/pert/figures,,
src/main/java/org/jhotdraw/samples/pert/figures/DependencyFigure.java,2,3
src/main/java/org/jhotdraw/samples/pert/figures/TaskFigure.java,13,3
src/main/java/org/jhotdraw/samples/pert/Main.java,3,3
src/main/java/org/jhotdraw/samples/pert/PertApplet.java,26,5
src/main/java/org/jhotdraw/samples/pert/PertApplicationModel.java,11,3
src/main/java/org/jhotdraw/samples/pert/PertFactory.java,2,3
src/main/java/org/jhotdraw/samples/pert/PertPanel.java,27,3
src/main/java/org/jhotdraw/samples/pert/PertView.java,10,4
src/main/java/org/jhotdraw/samples/svg,,
src/main/java/org/jhotdraw/samples/svg/action,,
src/main/java/org/jhotdraw/samples/svg/action/CombineAction.java,10,3
src/main/java/org/jhotdraw/samples/svg/action/SplitAction.java,1,2
src/main/java/org/jhotdraw/samples/svg/action/ViewSourceAction.java,7,3
src/main/java/org/jhotdraw/samples/svg/figures,,
src/main/java/org/jhotdraw/samples/svg/figures/ConvexHullOutlineHandle.java,5,3
src/main/java/org/jhotdraw/samples/svg/figures/LinkHandle.java,4,3
src/main/java/org/jhotdraw/samples/svg/figures/SVGAttributedFigure.java,4,4
src/main/java/org/jhotdraw/samples/svg/figures/SVGBezierFigure.java,16,3
src/main/java/org/jhotdraw/samples/svg/figures/SVGEllipseFigure.java,2,3
src/main/java/org/jhotdraw/samples/svg/figures/SVGGroupFigure.java,10,4
src/main/java/org/jhotdraw/samples/svg/figures/SVGImageFigure.java,22,5
src/main/java/org/jhotdraw/samples/svg/figures/SVGPathFigure.java,26,4
src/main/java/org/jhotdraw/samples/svg/figures/SVGPathOutlineHandle.java,4,3
src/main/java/org/jhotdraw/samples/svg/figures/SVGRectFigure.java,25,4
src/main/java/org/jhotdraw/samples/svg/figures/SVGRectRadiusHandle.java,9,4
src/main/java/org/jhotdraw/samples/svg/figures/SVGTextAreaFigure.java,31,4
src/main/java/org/jhotdraw/samples/svg/figures/SVGTextFigure.java,23,4
src/main/java/org/jhotdraw/samples/svg/gui,,
src/main/java/org/jhotdraw/samples/svg/gui/AbstractToolBar.java,15,5
src/main/java/org/jhotdraw/samples/svg/gui/AbstractToolBarBeanInfo.java,24,3
src/main/java/org/jhotdraw/samples/svg/gui/ActionsToolBar.java,12,3
src/main/java/org/jhotdraw/samples/svg/gui/ActionsToolBarBeanInfo.java,24,3
src/main/java/org/jhotdraw/samples/svg/gui/AlignToolBar.java,12,3
src/main/java/org/jhotdraw/samples/svg/gui/AlignToolBarBeanInfo.java,24,3
src/main/java/org/jhotdraw/samples/svg/gui/ArrangeToolBar.java,7,3
src/main/java/org/jhotdraw/samples/svg/gui/ArrangeToolBarBeanInfo.java,24,3
src/main/java/org/jhotdraw/samples/svg/gui/CanvasToolBar.java,11,3
src/main/java/org/jhotdraw/samples/svg/gui/CanvasToolBarBeanInfo.java,24,3
src/main/java/org/jhotdraw/samples/svg/gui/DrawingOpacityIcon.java,10,3
src/main/java/org/jhotdraw/samples/svg/gui/FigureToolBar.java,10,3
src/main/java/org/jhotdraw/samples/svg/gui/FigureToolBarBeanInfo.java,24,3
src/main/java/org/jhotdraw/samples/svg/gui/FillToolBar.java,11,3
src/main/java/org/jhotdraw/samples/svg/gui/FillToolBarBeanInfo.java,24,3
src/main/java/org/jhotdraw/samples/svg/gui/FontToolBar.java,16,3
src/main/java/org/jhotdraw/samples/svg/gui/FontToolBarBeanInfo.java,24,3
src/main/java/org/jhotdraw/samples/svg/gui/LinkToolBar.java,17,3
src/main/java/org/jhotdraw/samples/svg/gui/LinkToolBarBeanInfo.java,24,3
src/main/java/org/jhotdraw/samples/svg/gui/MessagePanel.java,4,3
src/main/java/org/jhotdraw/samples/svg/gui/ProgressIndicator.java,6,3
src/main/java/org/jhotdraw/samples/svg/gui/SelectionOpacityIcon.java,10,3
src/main/java/org/jhotdraw/samples/svg/gui/StrokeToolBar.java,11,3
src/main/java/org/jhotdraw/samples/svg/gui/StrokeToolBarBeanInfo.java,24,3
src/main/java/org/jhotdraw/samples/svg/gui/SummaryToolBar.java,3,3
src/main/java/org/jhotdraw/samples/svg/gui/SummaryToolBarBeanInfo.java,24,3
src/main/java/org/jhotdraw/samples/svg/gui/ToolsToolBar.java,20,3
src/main/java/org/jhotdraw/samples/svg/gui/ToolsToolBarBeanInfo.java,24,3
src/main/java/org/jhotdraw/samples/svg/gui/ViewToolBar.java,17,3
src/main/java/org/jhotdraw/samples/svg/gui/ViewToolBarBeanInfo.java,24,3
src/main/java/org/jhotdraw/samples/svg/io,,
src/main/java/org/jhotdraw/samples/svg/io/DefaultSVGFigureFactory.java,2,3
src/main/java/org/jhotdraw/samples/svg/io/ImageMapOutputFormat.java,17,4
src/main/java/org/jhotdraw/samples/svg/io/SVGFigureFactory.java,2,3
src/main/java/org/jhotdraw/samples/svg/io/SVGInputFormat.java,345,4
src/main/java/org/jhotdraw/samples/svg/io/SVGOutputFormat.java,50,4
src/main/java/org/jhotdraw/samples/svg/LinearGradient.java,13,4
src/main/java/org/jhotdraw/samples/svg/Main.java,3,3
src/main/java/org/jhotdraw/samples/svg/PathTool.java,3,3
src/main/java/org/jhotdraw/samples/svg/RadialGradient.java,14,4
src/main/java/org/jhotdraw/samples/svg/SVGApplet.java,29,5
src/main/java/org/jhotdraw/samples/svg/SVGApplicationModel.java,29,3
src/main/java/org/jhotdraw/samples/svg/SVGAttributeKeys.java,22,4
src/main/java/org/jhotdraw/samples/svg/SVGConstants.java,19,3
src/main/java/org/jhotdraw/samples/svg/SVGCreateFromFileTool.java,11,3
src/main/java/org/jhotdraw/samples/svg/SVGDrawingPanel.java,54,3
src/main/java/org/jhotdraw/samples/svg/SVGDrawingPanelBeanInfo.java,24,3
src/main/java/org/jhotdraw/samples/svg/SVGView.java,17,4
src/main/java/org/jhotdraw/samples/teddy,,
src/main/java/org/jhotdraw/samples/teddy/action,,
src/main/java/org/jhotdraw/samples/teddy/action/FindAction.java,1,2
src/main/java/org/jhotdraw/samples/teddy/action/ToggleLineNumbersAction.java,1,2
src/main/java/org/jhotdraw/samples/teddy/action/ToggleLineWrapAction.java,1,2
src/main/java/org/jhotdraw/samples/teddy/action/ToggleStatusBarAction.java,1,2
src/main/java/org/jhotdraw/samples/teddy/CharacterSetAccessory.java,19,3
src/main/java/org/jhotdraw/samples/teddy/FindDialog.java,53,3
src/main/java/org/jhotdraw/samples/teddy/io,,
src/main/java/org/jhotdraw/samples/teddy/io/LFWriter.java,9,3
src/main/java/org/jhotdraw/samples/teddy/JEditorArea.java,4,3
src/main/java/org/jhotdraw/samples/teddy/Main.java,4,3
src/main/java/org/jhotdraw/samples/teddy/regex,,
src/main/java/org/jhotdraw/samples/teddy/regex/Matcher.java,13,3
src/main/java/org/jhotdraw/samples/teddy/regex/MatchType.java,3,2
src/main/java/org/jhotdraw/samples/teddy/TeddyApplicationModel.java,2,3
src/main/java/org/jhotdraw/samples/teddy/TeddyView.java,30,4
src/main/java/org/jhotdraw/samples/teddy/text,,
src/main/java/org/jhotdraw/samples/teddy/text/NumberedEditorKit.java,1,3
src/main/java/org/jhotdraw/samples/teddy/text/NumberedParagraphView.java,4,3
src/main/java/org/jhotdraw/samples/teddy/text/NumberedViewFactory.java,5,3
src/main/java/org/jhotdraw/text,,
src/main/java/org/jhotdraw/text/ColorFormatter.java,24,3
src/main/java/org/jhotdraw/text/ColorToolTipTextFormatter.java,9,3
src/main/java/org/jhotdraw/text/FontFormatter.java,2,3
src/main/java/org/jhotdraw/text/JavaNumberFormatter.java,10,4
src/main/java/org/jhotdraw/undo,,
src/main/java/org/jhotdraw/undo/CompositeEdit.java,8,3
src/main/java/org/jhotdraw/undo/UndoRedoManager.java,12,4
src/main/java/org/jhotdraw/util,,
src/main/java/org/jhotdraw/util/Images.java,8,3
src/main/java/org/jhotdraw/util/LocaleUtil.java,1,3
src/main/java/org/jhotdraw/util/Methods.java,50,4
src/main/java/org/jhotdraw/util/prefs,,
src/main/java/org/jhotdraw/util/prefs/PreferencesUtil.java,16,5
src/main/java/org/jhotdraw/util/prefs/ToolBarPrefsHandler.java,8,3
src/main/java/org/jhotdraw/util/ResourceBundleUtil.java,48,3
src/main/java/org/jhotdraw/xml,,
src/main/java/org/jhotdraw/xml/css,,
src/main/java/org/jhotdraw/xml/css/CSSParser.java,18,3
src/main/java/org/jhotdraw/xml/css/CSSRule.java,16,3
src/main/java/org/jhotdraw/xml/css/StyleManager.java,1,3
src/main/java/org/jhotdraw/xml/DefaultDOMFactory.java,18,3
src/main/java/org/jhotdraw/xml/JavaPrimitivesDOMFactory.java,34,4
src/main/java/org/jhotdraw/xml/JavaxDOMInput.java,14,3
src/main/java/org/jhotdraw/xml/JavaxDOMOutput.java,9,4
src/main/java/org/jhotdraw/xml/NanoXMLDOMInput.java,12,3
src/main/java/org/jhotdraw/xml/NanoXMLDOMOutput.java,14,4
src/main/java/org/jhotdraw/xml/XMLTransferable.java,1,3
src/test,,
src/test/java,,
src/test/java/org,,
src/test/java/org/jhotdraw,,
src/test/java/org/jhotdraw/geom,,
src/test/java/org/jhotdraw/geom/BezierPathTest.java,88,3
